  Count Name
======= ====
    964 Thomas Leitner <t_leitner@gmx.at>
     18 Ashwin Maroli <ashmaroli@gmail.com>
      7 Christian Cornelssen <ccorn@1tein.de>
      6 Gioele Barabucci <gioele@svario.it>
      5 Gleb Mazovetskiy <glex.spb@gmail.com>
      4 Ted Pak <powerpak006@gmail.com>
      4 Shuanglei Tao <tsl0922@gmail.com>
      4 Dan Allen <dan.j.allen@gmail.com>
      4 Arne Brasseur <arne@arnebrasseur.net>
      3 Henning Perl <perl@fast-sicher.de>
      3 gettalong <t_leitner@gmx.at>
      3 Carsten Bormann <cabo@tzi.org>
      3 Brandur <brandur@mutelight.org>
      3 Ben Armston <ben.armston@googlemail.com>
      3 Ashwin Maroli <ashmaroli@users.noreply.github.com>
      3 Alex Marandon <contact@alexmarandon.com>
      2 Tom Thorogood <me+github@tomthorogood.co.uk>
      2 Parker Moore <parkrmoore@gmail.com>
      2 Nathanael Jones <nathanael.jones@gmail.com>
      2 Max Meyer <dev@fedux.org>
      2 Jo Hund <jhund@clearcove.ca>
      2 Bran <m.versum@gmail.com>
      1 winniehell <git@winniehell.de>
      1 William <suttonwilliamd@gmail.com>
      1 Uwe Kubosch <donv@users.noreply.github.com>
      1 utenmiki <utenmiki@gmail.com>
      1 Trevor Wennblom <trevor@well.com>
      1 tomykaira <tomykaira@gmail.com>
      1 tom93 <tomlevy93@gmail.com>
      1 Tobin Yehle <tobinyehle@gmail.com>
      1 timcraft <mail@timcraft.com>
      1 Tim Blair <tim@bla.ir>
      1 Tim Besard <tim.besard@gmail.com>
      1 Tim Bates <tim@rumpuslabs.com>
      1 Sun Yaozhu <yzyzsun@gmail.com>
      1 Stephen <stephengroat@users.noreply.github.com>
      1 Stephen Crosby <stevecrozz@gmail.com>
      1 Stan Hu <stanhu@gmail.com>
      1 Simon Lydell <simon.lydell@gmail.com>
      1 Simon Coffey <simon.coffey@futurelearn.com>
      1 Shusaku NAKAZATO <cu393uc@gmail.com>
      1 Sebastian Boehm <sebastian@sometimesfood.org>
      1 scherr <maximilianscherr@gmail.com>
      1 Postmodern <postmodern.mod3@gmail.com>
      1 Pete Michaud <michaudp@gmail.com>
      1 Noah Doersing <doersino@gmail.com>
      1 myqlarson <myqlarson@gmail.com>
      1 milo.simpson <milo.simpson@bazaarvoice.com>
      1 Michal Till <michal.till@gmail.com>
      1 Maxime Kjaer <maxime.kjaer@gmail.com>
      1 Matt Hickford <matt.hickford@gmail.com>
      1 Martyn Chamberlin <martyn@perfectioncoding.com>
      1 Marek Tuchowski <marek@tuchowski.com.pl>
      1 Marcus Stollsteimer <sto.mar@web.de>
      1 Luca Barbato <luca.barbato@gmail.com>
      1 l3kn <hello@l3kn.de>
      1 Kir Kolyshkin <kolyshkin@gmail.com>
      1 Jun Aruga <jaruga@redhat.com>
      1 Jonathan Hooper <jonathan.hooper@gsa.gov>
      1 John Croisant <jacius@gmail.com>
      1 Joe Fiorini <joe@faithfulgeek.org>
      1 Jens Kraemer <jk@jkraemer.net>
      1 Hirofumi Wakasugi <baenej@gmail.com>
      1 Hector Correa <hector@hectorcorrea.com>
      1 Florian Klampfer <f.klampfer@gmail.com>
      1 Floreal Morandat florealm@gmail.com <florealm@gmail.com>
      1 Fangyi Zhou <me@fangyi.io>
      1 Diego Galeota <diegobg123@gmail.com>
      1 David Rodríguez <deivid.rodriguez@riseup.net>
      1 Daniel Bair <daniel@danielbair.com>
      1 Damien Pollet <damien.pollet@gmail.com>
      1 Christopher Jefferson <caj21@st-andrews.ac.uk>
      1 Cédric Boutillier <cedric.boutillier@gmail.com>
      1 Bob Lail <lail@squareup.com>
      1 Ashe Connor <ashe@kivikakk.ee>
      1 aschmitz <29508+aschmitz@users.noreply.github.com>
      1 Antoine Cotten <hello@acotten.com>
      1 Andrew <andrew.dale.wylie@gmail.com>
      1 Alpha Chen <alpha.chen@gmail.com>
      1 Alex Tomlins <alex.tomlins@digital.cabinet-office.gov.uk>
      1 Alexey Vasiliev <le0pard@users.noreply.github.com>
      1 284km <k.furuhashi10@gmail.com>
